<?xml version="1.0" encoding="UTF-8"?>
<!DOCTYPE hibernate-configuration PUBLIC
  "-//Hibernate/Hibernate Configuration DTD 3.0//EN"
  "http://hibernate.sourceforge.net/hibernate-configuration-3.0.dtd">
<hibernate-configuration>
    <session-factory>
        <property name="hibernate.connection.driver_class">oracle.jdbc.driver.OracleDriver</property>
        <property name="hibernate.connection.password">system</property>
        <property name="hibernate.connection.url">jdbc:oracle:thin:@localhost:1521/xe</property>
        <property name="hibernate.connection.username">system</property>
        <!-- <property name="hibernate.dialect">org.hibernate.dialect.OracleDialect</property> -->
        <property name="hibernate.dialect">org.hibernate.dialect.Oracle10gDialect</property>
       	<property name="connection.pool_size">1</property>
        <!-- <property name="hbm2ddl.auto">create</property> -->
        <mapping class="com.hibdemo.bean.EMPHIBER"/>
        
    </session-factory>
</hibernate-configuration>